,designer,count
0,5148630,2
1,2643171,109
2,4856430,4
3,7313551,49
4,136603,14
5,2859886,103
6,1638334,4
7,9956218,6
8,1464728,22
9,6843922,22
10,9419,329
11,767355,5
12,770037,53
13,6117768,21
14,676650,22
15,18528,135
16,115494,40
17,126100,1
18,7727740,18
19,3680277,43
20,8358259,5
21,4712589,3
22,64449,146
23,57225,94
24,6310930,270
25,49486,257
26,1007908,43
27,6036143,16
28,9438021,2
29,261685,62
30,131551,6
31,311451,178
32,9438724,13
33,4186395,22
34,4409406,36
35,8264835,26
36,2159596,92
37,8672572,6
38,4278555,5
39,2144125,19
40,6036088,57
41,8880292,573
42,4580738,17
43,972014,223
44,1190044,21
45,3895380,19
46,1017553,15
47,6770728,19
48,6486666,71
49,6110351,2
50,1693959,20
51,1693960,139
52,4797255,38
53,716500,1
54,214504,567
55,1315427,4
56,10060180,4
57,271258,87
58,4580642,45
59,4966071,17
60,10359375,7
61,3045273,2
62,361771,67
63,21130,31
64,40518,8
65,5281995,34
66,85732,78
67,10555427,7
68,1719619,13
69,5327561,9
70,6724713,16
71,900525,11
72,303233,79
73,262267,58
74,339193,40
75,4062914,4
76,3762682,119
77,6036032,44
78,230090,486
79,6979,96
80,5499,37
81,303827,12
82,7631713,3
83,4828911,1
84,788837,261
85,5367032,2
86,2241325,1
87,3766288,10
88,2151854,5
89,96102,10
90,8373720,12
91,4929438,1
92,4062915,2
93,746702,68
94,9475308,13
95,913425,22
96,1634841,48
97,5060953,95
98,5220345,40
99,2765,1156
100,716218,2
101,4062,278
102,5048216,24
103,191681,150
104,164430,239
105,5831443,7
106,868582,293
107,6114017,4
108,8685,268
109,66941,10
110,48935,317
111,359376,7
112,8895308,11
113,1903468,73
114,5358092,60
115,4942490,14
116,3018328,353
117,750170,39
118,6827502,9
119,6337501,28
120,3168464,23
121,218241,40
122,14395,31
123,5958339,40
124,10041599,4
125,396629,3
126,384692,30
127,185663,141
128,2954715,1
129,87332,18
130,175944,36
131,8264820,3
132,1237273,5
133,115796,101
134,228660,20
135,7540241,14
136,109176,262
137,2327807,118
138,1870253,2
139,10062149,13
140,6639510,10
141,2013977,8
142,10007925,1
143,4206218,5
144,3000017,46
145,235652,202
146,10198838,66
147,82090,2
148,271954,263
149,8043,12
150,825159,47
151,6898120,6
152,796104,86
153,4237779,4
154,1628782,46
155,3192986,8
156,992629,7
157,6629361,10
158,8877190,25
159,8358837,10
160,7463402,3
161,896146,19
162,3543122,23
163,1378102,47
164,18914,36
165,4662913,61
166,5675899,13
167,396978,3
168,3071,453
169,79167,32
170,366821,14
171,50848,1
172,153189,17
173,979999,143
174,7025496,35
175,49902,7
176,9109704,1
177,11068,16
178,10029059,124
179,11785,18
180,9092638,10
181,524448,6
182,6215943,94
183,6112288,1
184,282990,32
185,4859053,28
186,309292,1
187,20417,3
188,551270,3
189,3902,74
190,43854,205
191,2456859,13
192,5934292,8
193,2144126,12
194,3594788,19
195,125734,1
196,805934,1
197,580741,306
198,1110698,18
199,1850585,32
200,3947982,8
201,3303804,15
202,4038024,39
203,9096433,7
204,10061433,20
205,3742153,6
206,9546763,13
207,4344102,56
208,764868,2
209,19448,30
210,1098957,12
211,1186,165
212,36241,13
213,6790,318
214,222039,2
215,2682082,367
216,407345,2
217,2049573,15
218,719090,1
219,733736,1
220,2819478,19
221,1102024,10
222,897791,3
223,7252467,5
224,299867,53
225,3680256,141
226,6485630,61
227,569906,322
228,32072,17
229,948086,1
230,87752,168
231,9109705,11
232,315686,17
233,6310904,29
234,3422316,4
235,2745175,10
236,3762655,4
237,10256674,10
238,803578,97
239,92762,45
240,131835,16
241,128656,16
242,1741833,1
243,134637,35
244,3982191,1
245,5683927,8
246,587501,56
247,10198823,9
248,1205036,3
249,225063,2
250,10364633,2
251,269632,71
252,3613401,66
253,2450,502
254,100108,9
255,10007622,3
256,5343122,65
257,15652,182
258,18370,751
259,4315264,9
260,4975235,167
261,8185479,4
262,4289947,6
263,402663,107
264,2425248,1
265,506932,54
266,15350,42
267,145020,5
268,6959,6
269,67332,71
270,1447619,206
271,874854,3
272,10380344,7
273,56951,81
274,9364338,21
275,227629,69
276,1612629,23
277,2931242,2
278,2548595,9
279,3468977,15
280,9807150,5
281,3539485,18
282,305540,1
283,961016,19
284,1476245,15
285,3616427,42
286,11769,13
287,116888,5
288,9955769,6
289,893,22
290,4942475,15
291,797501,20
292,1685426,15
293,2716100,60
294,3468960,18
295,10490956,11
296,4660787,7
297,872161,1
298,286598,73
299,4399433,8
300,6578900,22
301,3428613,5
302,31341,27
303,218640,161
304,154813,15
305,5862561,9
306,3773521,16
307,6407079,18
308,1234837,85
309,1354288,10
310,68871,117
311,343405,168
312,1024698,1
313,872133,1
314,7871282,9
315,233599,8
316,379352,68
317,1078172,82
318,6215987,2
319,5048081,60
320,306529,22
321,412694,12
322,4219973,18
323,3494618,57
324,19047,1073
325,6486578,9
326,8414096,14
327,4072529,108
328,5247470,7
329,55033,106
330,6796013,23
331,50123,12
332,2223594,1
333,3004954,10
334,193788,90
335,101511,23
336,1667628,38
337,4249430,32
338,3536927,4
339,3286146,18
340,397646,2
341,9377470,1
342,90739,736
343,4181,2
344,6147668,46
345,2682726,19
346,650994,2
347,8016387,16
348,8822582,41
349,769627,1988
350,1280229,50
351,9491,6
352,28041,20
353,1504119,25
354,756314,11
355,3444901,6
356,307134,2
357,8233742,1
358,74174,97
359,120314,39
360,50666,425
361,148476,25
362,85114,555
363,9350950,16
364,920259,70
365,17119,9
366,146426,19
367,480825,11
368,6639632,4
369,8779693,19
370,6441838,7
371,8745590,6
372,9991196,1
373,123770,3
374,825223,14
375,5425870,266
376,7758304,74
377,5589921,155
378,3977820,233
379,4988092,59
380,82812,157
381,262164,50
382,6417092,26
383,6864,118
384,190721,87
385,2097676,1
386,2628192,2
387,7270108,13
388,21433,3
389,4219953,39
390,5862150,76
391,1183455,3
392,6965377,11
393,10845712,1
394,4009605,25
395,562451,5
396,9086503,100
397,6765440,11
398,18074,13
399,396986,110
400,319577,313
401,4660752,6
402,2418404,4
403,5592001,12
404,1036266,19
405,28725,55
406,1280231,14
407,120150,104
408,37722,19
409,3762661,2
410,5190,490
411,8170799,12
412,876185,3
413,1022684,120
414,5755,186
415,4095688,1
416,72746,25
417,819081,7
418,4662906,1
419,1038222,60
420,84485,59
421,1493706,1
422,110127,134
423,5319803,10
424,2029668,33
425,153143,2
426,8520151,9
427,4209854,1
428,3494666,4
429,134387,20
430,9370592,11
431,397659,98
432,1859723,110
433,3496657,3
434,57889,2486
435,1039439,15
436,7017835,9
437,5282157,20
438,17095,3
439,10678694,11
440,2541392,205
441,10335124,3
442,78703,48
443,696026,7
444,4194737,23
445,6725041,10
446,6414991,43
447,5833537,9
448,450885,25
449,6487928,8
450,113040,252
451,2103,180
452,2188884,4
453,10701666,6
454,51777,275
455,7368079,3
456,7018093,24
457,2067047,57
458,5220351,103
459,2747,1139
460,10528950,1
461,3539517,142
462,9193804,5
463,549774,27
464,1263846,10
465,6358,14
466,338326,36
467,13916,249
468,2954623,46
469,5321177,4
470,5545,259
471,7389367,7
472,161679,97
473,1599050,3
474,3422322,161
475,220252,20
476,6415045,6
477,418704,74
478,59639,30
479,26488,98
480,3168454,2
481,393230,151
482,12405,220
483,506282,140
484,8070736,3
485,4619137,1
486,339767,521
487,7203237,9
488,5424355,8
489,1467652,33
490,7933802,7
491,4712512,4
492,251057,141
493,1862611,52
494,413452,1
495,1629091,70
496,2857274,1
497,14236,178
498,1885843,3
499,6797,4
500,1590566,294
501,7199,158
502,6965531,29
503,2853,76
504,6843648,3
505,6326412,5
506,2126,74
507,132075,2
508,6112266,10
509,1417318,5
510,337505,4
511,513142,62
512,7464651,12
513,27653,9
514,32705,53
515,711987,128
516,161131,55
517,1749325,1
518,1008705,1
519,1100796,19
520,6394698,14
521,10636746,9
522,4757593,179
523,10353117,7
524,62227,53
525,75402,108
526,2749,31
527,2438429,26
528,5305685,4
529,253174,82
530,123926,137
531,396355,68
532,963114,23
533,10188023,5
534,645694,1
535,3947974,18
536,198948,60
537,5445729,45
538,9756800,9
539,10557466,14
540,171092,170
541,130944,137
542,368569,8
543,1749282,4
544,1527350,52
545,103318,11
546,1156737,11
547,474919,13
548,6172427,9
549,43889,11
550,5282306,64
551,8673307,24
552,396991,60
553,7112680,181
554,7049335,94
555,3846208,3
556,5048217,27
557,5405295,55
558,8264662,20
559,5980044,81
560,4910391,21
561,6112114,3
562,27638,270
563,6596912,2
564,996377,33
565,86194,3
566,211376,120
567,161216,165
568,5343617,32
569,834559,54
570,1890817,7
571,1306583,11
572,6540211,7
573,69158,1
574,1534959,1
575,13318,26
576,1126989,15
577,390590,26
578,167082,6
579,69128,70
580,7579384,18
581,117198,838
582,5336129,3
583,9807164,9
584,6891659,7
585,397187,181
586,3496845,267
587,14254,20
588,818200,136
589,1530855,1
590,1850470,82
591,5220385,46
592,570542,19
593,3440,2119
594,32854,17
595,2424198,32
596,1091,283
597,43923,7
598,1252799,106
599,2472411,248
600,5840472,13
601,185655,1
602,115078,2
603,248821,36
604,7016637,5
605,6983742,24
606,34301,117
607,8364,3
608,5224722,2
609,5220371,36
610,3177247,3
611,19003,1091
612,7405067,35
613,7727992,7
614,7988564,1
615,697220,1
616,77463,42
617,3733490,98
618,4255455,1
619,6915,21
620,25370,233
621,1714560,1
622,19414,121
623,1855675,44
624,70074,59
625,70033,30
626,240415,4
627,130548,105
628,529462,84
629,624465,30
630,8642615,5
631,134916,23
632,7101521,3
633,34036,3
634,466397,22
635,922784,28
636,487893,6
637,3820505,7
638,932667,228
639,5764,19
640,320842,2
641,195900,30
642,802221,33
643,88934,8
644,4409430,6
645,1043620,51
646,751167,149
647,733743,26
648,50211,4
649,8347711,1
650,933272,63
651,6927649,18
652,8673308,16
653,27553,11
654,5503739,25
655,97794,17
656,25812,60
657,2044711,9
658,2478,1440
659,3975828,20
660,4165,385
661,890719,8
662,3694536,59
663,80408,139
664,32398,43
665,4167617,55
666,32923,117
667,4186351,47
668,2041247,3
669,65063,554
670,6212405,3
671,145575,1
672,9758366,86
673,789795,178
674,894624,70
675,4038025,129
676,6733535,9
677,1684253,74
678,194433,3
679,3877,1005
680,129041,47
681,29711,24
682,4166064,44
683,7092476,30
684,4901526,2
685,2931244,11
686,5010311,33
687,1702246,4
688,1068534,44
689,4248113,56
690,2429813,97
691,2725719,2
692,10116760,3
693,70061,399
694,858952,281
695,330188,729
696,5272033,1
697,33985,71
698,4271109,12
699,6487703,8
700,440112,51
701,126497,148
702,5650525,13
703,20177,195
704,120097,8
705,39184,12
706,7517186,26
707,1989064,4
708,6965658,8
709,2708809,12
710,148099,66
711,5304050,2
712,15146,139
713,315928,7
714,3574210,172
715,1661789,33
716,2552468,4
717,1189983,3
718,6161565,13
719,5220356,149
720,15514,1850
721,4890263,18
722,6336405,4
723,736424,8
724,4249434,174
725,6486612,24
726,194590,42
727,794121,5
728,8526,2
729,5337110,36
730,10320382,4
731,36156,31
732,7834,109
733,14856,147
734,8663719,9
735,1665245,7
736,5866472,1
737,10298836,2
738,2074249,338
739,967568,46
740,1034490,23
741,2654971,3
742,173219,6
743,3299306,7
744,59394,650
745,2312219,55
746,6815,482
747,4445807,63
748,4170073,5
749,5118420,152
750,3223247,2
751,6641274,17
752,6114000,4
753,823516,1
754,1684263,96
755,686294,1
756,3615,16
757,10413682,3
758,5835736,1
759,8295696,10
760,7251970,7
761,1187756,4
762,6393986,16
763,9380662,1
764,725381,593
765,3747780,1
766,100366,3
767,348528,32
768,120220,60
769,20393,75
770,85148,171
771,120195,88
772,33021,25
773,751087,3
774,2724734,4
775,120257,361
776,120177,11
777,3272191,58
778,1354257,28
779,30141,17
780,1449159,158
781,1511102,537
782,4725848,5
783,733015,6
784,303346,64
785,518671,144
786,756627,20
787,5087879,14
788,756320,3
789,2934096,168
790,1322149,25
791,823513,24
792,756575,1
793,314074,35
794,488064,1
795,1612751,181
796,1229820,42
797,81243,81
798,5515832,14
799,3410555,89
800,5319785,1
801,10741109,13
802,5445699,21
803,4576739,23
804,5748030,35
805,2942912,48
806,15203,180
807,1702248,41
808,982152,11
809,143685,2
810,48435,122
811,4988136,5
812,3583288,6
813,21103,294
814,5282240,2
815,791539,9
816,5030844,58
817,967582,148
818,1103506,1
819,1200817,8
820,4828903,3
821,106911,103
822,7439,10
823,6904329,14
824,2758042,27
825,5675799,17
826,5869189,21
827,4347,479
828,5321180,19
829,3064,975
830,93594,7
831,119781,258
832,4660753,24
833,200598,37
834,4212921,132
835,51359,62
836,2859911,1
837,353940,627
838,5040011,95
839,9484,2
840,5579284,2
841,6393974,10
842,764008,14
843,26425,5
844,2548686,7
845,275723,13
846,4576738,35
847,13742,117
848,9081453,3
849,598515,34
850,3494667,483
851,25354,3187
852,85606,196
853,2522052,36
854,141009,3
855,4660963,3
856,212867,24
857,397009,117
858,6965472,41
859,2355845,153
860,7758549,1
861,3944,221
862,6840748,5
863,5048182,36
864,32415,17
865,819560,37
866,3894902,70
867,9979806,4
868,142856,73
869,294431,12
870,9645307,2
871,6311367,11
872,1379916,5
873,4206207,8
874,742675,16
875,3414,235
876,6112167,5
877,3680306,4
878,1464721,1
879,236096,6
880,2207,138
881,91816,2
882,1015984,9
883,6499177,6
884,8860271,15
885,70015,694
886,67136,382
887,5010293,105
888,89623,13
889,16544,19
890,8663503,8
891,5227889,8
892,3904184,12
893,611310,1
894,55242,252
895,6036050,108
896,3462757,1
897,6765804,136
898,4278556,1
899,2617523,8
900,5853359,9
901,7554850,6
902,2318729,2
903,6862,12
904,1422435,6
905,2018490,4
906,215956,3
907,712485,6
908,9351018,7
909,10693,15
910,1157749,28
911,308350,13
912,26783,8
913,5227897,8
914,8333193,5
915,25389,1
916,627896,9
917,6893042,16
918,2130105,7
919,10555423,12
920,5424692,8
921,132062,1
922,14041,1
923,967576,23
924,4599031,7
925,10041208,35
926,85089,120
927,97193,111
928,4775820,7
929,5048192,25
930,4215202,13
931,5233035,5
932,2892169,6
933,100558,1
934,397011,45
935,156388,8
936,2488263,1
937,3762671,39
938,73456,51
939,23850,3
940,481517,23
941,77898,3
942,5743785,2
943,2548718,61
944,1264065,6
945,8663370,3
946,6114003,7
947,73192,19
948,2806584,1
949,4966051,33
950,31427,90
951,397146,66
952,10198377,3
953,3344698,29
954,7270276,24
955,1739798,20
956,31334,351
957,1263779,44
958,115246,10
959,90028,29
960,155832,29
961,8872876,4
962,20851,304
963,13943,498
964,4315228,36
965,708288,76
966,791809,47
967,474144,8
968,1047332,52
969,4009993,2
970,14185,267
971,9808349,11
972,210145,45
973,85073,357
974,85087,27
975,212846,42
976,991,263
977,40538,41
978,889006,222
979,2096313,2
980,33511,34
981,8953218,17
982,26324,34
983,333874,9
984,82885,10
985,8551115,51
986,262253,43
987,33573,23
988,5424685,11
989,48640,76
990,17111,10
991,82355,5
992,61470,56
993,6211843,8
994,926424,2
995,4072662,14
996,126946,23
997,4048004,17
998,819252,11
999,958337,5
1000,2067,3
1001,6172454,75
1002,93382,77
1003,3066,522
1004,6407161,16
1005,317998,57
1006,205639,2
1007,5224130,53
1008,120739,1428
1009,527955,2
1010,4248106,2
1011,1481146,6
1012,7579567,1
1013,3020906,78
1014,623705,14
1015,8165831,115
1016,793853,2
1017,15776,37
1018,12609,8
1019,981336,5
1020,451807,138
1021,5048203,14
1022,8883098,18
1023,6687111,47
1024,20420,660
1025,1468357,35
1026,6896044,2
1027,3537007,102
1028,1874986,2
1029,1532289,47
1030,3543915,33
1031,1185640,12
1032,1153123,3
1033,4619157,5
1034,5748037,21
1035,3746,1
1036,4901519,11
1037,100966,12
1038,11072,1
1039,534588,72
1040,396996,131
1041,297890,324
1042,7008779,3
1043,94803,43
1044,1217171,18
1045,84031,64
1046,16295,35
1047,209846,32
1048,131414,37
1049,7016349,63
1050,338527,38
1051,49356,64
1052,5361932,19
1053,5048016,16
1054,5589527,5
1055,6892655,15
1056,4461170,75
1057,3621253,9
1058,6724649,173
1059,18741,764
1060,7389341,17
1061,4445805,40
1062,6673861,2
1063,139985,20
1064,5626168,10
1065,516688,39
1066,4333117,4
1067,275459,15
1068,109262,35
1069,3386609,2
1070,5912345,50
1071,5335914,31
1072,575827,1
1073,129382,40
1074,8880,686
1075,1252804,16
1076,4775782,199
1077,6965511,1
1078,835698,21
1079,3543916,34
1080,397663,22
1081,4901504,9
1082,5227903,5
1083,32137,6
1084,6700510,2
1085,9438045,47
1086,2425531,66
1087,5343390,1
1088,3977861,34
1089,3923183,43
1090,65143,67
1091,432928,3
1092,12754,32
1093,2323086,11
1094,99146,7
1095,6048,22
1096,405105,72
1097,5446053,4
1098,6415043,1
1099,8358848,11
1100,5692,435
1101,1565013,2
1102,60955,1
1103,83685,91
1104,125660,37
1105,7579668,12
1106,3621128,1
1107,120173,11
1108,268811,754
1109,5247521,1
1110,4988134,2
1111,3621211,650
1112,2331343,124
1113,4966060,63
1114,5187208,36
1115,1218020,1
1116,462862,2
1117,9648119,2
1118,2038,7
1119,3537004,1
1120,6063,10
1121,173557,47
1122,4445814,103
1123,60271,62
1124,5757,231
1125,4918590,4
1126,8371,1
1127,4190017,5
1128,100670,13
1129,3469010,33
1130,1714510,45
1131,967581,6
1132,3895340,19
1133,16632,55
1134,7961618,140
1135,954244,1
1136,8188145,14
1137,1630355,41
1138,2011,1
1139,8275599,6
1140,965656,19
1141,2877004,126
1142,2408999,1
1143,1024736,5
1144,5023305,9
1145,5750,3
1146,9377247,3
1147,247240,29
1148,621605,4
1149,22614,20
1150,5917293,25
1151,1318320,8
1152,5063941,1
1153,7252008,19
1154,191441,35
1155,1783013,1
1156,4598877,82
1157,142744,15
1158,762055,31
1159,1998123,66
1160,185807,77
1161,3621268,13
1162,919921,1
1163,5023284,9
1164,186973,20
1165,4072701,9
1166,679246,41
1167,9109711,44
1168,6927913,17
1169,62765,8
1170,51565,17
1171,8676,139
1172,8264858,43
1173,8957877,1
1174,3422321,23
1175,5811069,1
1176,6769917,6
1177,6540023,5
1178,2293270,6
1179,5633,149
1180,6250749,2
1181,781640,19
1182,570152,107
1183,88331,374
1184,4741395,6
1185,5743794,3
1186,5862560,506
1187,1903616,4
1188,2662656,6
1189,54606,31
1190,2632540,41
1191,6133942,1
1192,4399439,17
1193,3680343,7
1194,103647,7
1195,47449,53
1196,258324,408
1197,190702,10
1198,1171150,99
1199,10039235,34
1200,396997,104
1201,2390097,14
1202,135681,152
1203,191090,50
1204,49626,1
1205,821540,2
1206,10089742,2
1207,7389327,4
1208,7630825,80
1209,150826,573
1210,1274561,16
1211,6001134,24
1212,1606236,7
1213,2522053,140
1214,7579560,7
1215,9955614,22
1216,1677162,8
1217,759562,11
1218,7017896,10
1219,3664905,146
1220,10946194,16
1221,397080,2
1222,222416,446
1223,3894922,1
1224,5252,313
1225,33484,42
1226,1274554,20
1227,8374824,1
1228,4981,935
1229,350872,2
1230,1025204,226
1231,70089,62
1232,217548,12
1233,1652325,30
1234,344513,28
1235,120254,209
1236,994615,96
1237,48865,1319
1238,728991,13
1239,3523542,118
1240,962994,13
1241,7017895,1
1242,514177,80
1243,341311,29
1244,821757,1
1245,799413,8
1246,1903535,2
1247,2806583,78
1248,5227890,71
1249,2689128,75
1250,5855132,3
1251,7097427,8
1252,128087,1
1253,2746846,170
1254,8333132,7
1255,4856586,19
1256,2443148,88
1257,762802,104
1258,133682,37
1259,430091,118
1260,3766397,64
1261,80347,63
1262,7463343,7
1263,583239,6
1264,10056464,1
1265,291604,193
1266,6033652,86
1267,5810982,3
1268,1391420,265
1269,2049281,7
1270,782137,48
1271,3057,28
1272,211274,105
1273,3739003,293
1274,136969,193
1275,2049709,250
1276,2903871,90
1277,3621261,4
1278,534176,29
1279,1085241,29
1280,38206,108
1281,416330,251
1282,1396832,8
1283,5810979,3
1284,4660799,283
1285,5321185,11
1286,2762,683
1287,124456,16
1288,574542,92
1289,2708807,1
1290,7016245,1
1291,456481,248
1292,1112490,104
1293,10946150,11
1294,307090,132
1295,8296016,3
1296,28077,19
1297,9756180,2
1298,5922249,4
1299,175278,474
1300,219509,4
1301,64575,4
1302,130817,83
1303,396999,10
1304,397001,8
1305,6044807,16
1306,6965366,56
1307,143909,1
1308,3468958,23
1309,284619,6
1310,1300088,75
1311,9341318,13
1312,8901110,16
1313,20052,46
1314,5048092,23
1315,3323394,141
1316,5220381,22
1317,4224,1798
1318,1530727,160
1319,5427464,14
1320,7020,462
1321,6198405,1
1322,1050672,81
1323,838428,23
1324,8509458,5
1325,18252,53
1326,2771178,48
1327,2418397,141
1328,6773945,4
1329,874089,24
1330,305489,1
1331,355061,29
1332,115874,1
1333,1749219,2
1334,707683,2
1335,8860352,17
1336,1702253,30
1337,1187751,30
1338,5589594,79
1339,5089576,17
1340,1005541,1
1341,12871,6
1342,1309897,23
1343,5062782,57
1344,836545,1
1345,793124,74
1346,3824,308
1347,2197240,18
1348,4037972,83
1349,15005,396
1350,5023319,1
1351,8165430,79
1352,3947978,4
1353,8799540,70
1354,6551643,19
1355,5235258,9
1356,4757478,12
1357,4775826,21
1358,635258,15
1359,1730352,6
1360,10320401,14
1361,273603,6
1362,2369,2
1363,4882146,14
1364,4712437,17
1365,126458,79
1366,7463753,32
1367,2654977,1
1368,354420,9
1369,6499124,24
1370,42743,74
1371,8593682,26
1372,5048013,22
1373,176333,1468
1374,16854,28
1375,6414997,80
1376,8295623,15
1377,6769762,38
1378,116122,23
1379,773813,18
1380,128700,1
1381,167258,22
1382,7161570,14
1383,2638322,84
1384,6539253,11
1385,756324,46
1386,6555202,11
1387,458847,2
1388,6485675,155
1389,176305,466
1390,6892891,18
1391,3494668,130
1392,8360,1604
1393,4775808,7
1394,114084,1109
1395,3168448,25
1396,1197953,23
1397,6540397,11
1398,3019991,47
1399,1120,1
1400,3975342,8
1401,5321183,25
1402,7579679,1
1403,59087,31
1404,4535,728
1405,4044013,1
1406,48961,178
1407,72849,42
1408,262278,2
1409,2679776,18
1410,3018287,266
1411,9626720,13
1412,2682710,14
1413,153129,3
1414,6770148,23
1415,4968478,150
1416,8016368,4
1417,6712974,30
1418,3879,842
1419,3661813,1
1420,5915348,21
1421,3192980,5
1422,548416,5
1423,96125,165
1424,10380444,7
1425,6523699,10
1426,3977901,18
1427,25716,40
1428,5833824,1
1429,24139,368
1430,70771,4
1431,696377,45
1432,8369,216
1433,2601907,73
1434,523155,1
1435,181523,3
1436,2770918,36
1437,4248108,20
1438,10343104,8
1439,36364,104
1440,8597734,99
1441,702196,4
1442,8673304,7
1443,8264795,13
1444,3501199,5
1445,51690,5
1446,2721782,540
1447,148432,40
1448,762435,48
1449,32216,3
1450,9539588,82
1451,8520515,51
1452,178642,1
1453,1058460,9
1454,117712,273
1455,5055412,4
1456,81749,28
1457,6709379,8
1458,8307671,111
1459,458996,3
1460,3505345,64
1461,1175963,220
1462,4329766,6
1463,5762998,1
1464,5227872,6
1465,4580711,3
1466,3422320,8
1467,3025166,42
1468,3680270,8
1469,3808,72
1470,5048064,9
1471,1043932,1
1472,6415042,2
1473,4695109,46
1474,5626196,9
1475,7516527,18
1476,61861,36
1477,84636,3
1478,3422319,7
1479,33463,34
1480,8347,303
1481,3802679,79
1482,1684273,13
1483,4186342,62
1484,491870,20
1485,5426176,21
1486,1079005,11
1487,7871307,3
1488,1664,605
1489,1285183,3
1490,6310964,4
1491,96859,182
1492,7045967,83
1493,3063,184
1494,1336923,7
1495,5743969,6
1496,8872731,5
1497,108761,16
1498,3623889,3
1499,3623887,324
1500,1874890,360
1501,114501,10
1502,6641825,4
1503,29159,142
1504,3010,2
1505,6487721,22
1506,397210,25
1507,397018,118
1508,879217,1
1509,72135,2
1510,3004953,17
1511,5406393,12
1512,3696,4
1513,9372210,49
1514,1686633,1
1515,3582444,1
1516,14043,46
1517,7692,2
1518,18087,5
1519,1822353,805
1520,3539540,4
1521,189866,3
1522,365077,1
1523,7846100,3
1524,133187,18
1525,1684264,1
1526,39522,1
1527,1133146,24
1528,12310,1
1529,3433710,4
1530,1205035,575
1531,37220,228
1532,1226844,6
1533,4512305,7
1534,2758168,2
1535,241716,56
1536,4808999,22
1537,5933525,19
1538,6198471,4
1539,189904,33
1540,4712649,176
1541,3671992,18
1542,220860,9
1543,5966986,12
1544,5578566,6
1545,115699,141
1546,10039236,7
1547,2080,83
1548,6539081,2
1549,8034,26
1550,10029753,10
1551,81866,1
1552,1434004,10
1553,67048,690
1554,4484245,98
1555,125184,31
1556,584394,17
1557,4183479,10
1558,6555236,33
1559,5039881,30
1560,12842,1127
1561,3947885,90
1562,92777,6
1563,12822,25
1564,50667,14
1565,92791,190
1566,100965,131
1567,279695,199
1568,2186014,100
1569,743876,58
1570,746409,40
1571,6311321,8
1572,3743849,3
1573,11088,17
1574,103100,28
1575,3621275,4
1576,1148140,1
1577,793801,3
1578,439829,16
1579,1090259,24
1580,118980,10
1581,5516171,2
1582,6717166,153
1583,6485609,48
1584,35975,48
1585,718828,91
1586,4801628,1
1587,820212,2
1588,2771175,25
1589,10502717,5
1590,796099,70
1591,33685,53
1592,1306793,69
1593,6,193
1594,713924,160
1595,4619201,10
1596,506784,11
1597,38677,113
1598,115918,6
1599,941878,5
1600,4303,71
1601,7096288,49
1602,2130099,5
1603,5055259,202
1604,27546,1
1605,1354285,48
1606,3024898,2
1607,6373,6
1608,331698,132
1609,7503,69
1610,330438,30
1611,1055,2
1612,5367,62
1613,6700566,10
1614,4882173,4
1615,6891240,216
1616,792419,3
1617,23625,17
1618,9139905,3
1619,109549,760
1620,5318,1
1621,22309,246
1622,3762668,6
1623,486723,409
1624,6828726,1
1625,100377,93
1626,318539,57
1627,276777,1
1628,222775,9
1629,6891774,2
1630,3069,126
1631,66034,51
1632,120925,575
1633,8554013,19
1634,916751,6
1635,8551205,85
1636,3525387,8
1637,168996,133
1638,4249418,104
1639,74937,2
1640,194468,1
1641,7092469,85
1642,6578625,10
1643,41783,40
1644,4541573,21
1645,9042284,6
1646,22775,199
1647,8872925,2
1648,7154598,10
1649,1048357,179
1650,6797386,4
1651,10008776,24
1652,9475415,4
1653,6701436,2
1654,2323156,4
1655,88699,136
1656,6670850,225
1657,9443013,25
1658,5282088,5
1659,10063067,3
1660,2758164,4
1661,2597678,74
1662,3494617,201
1663,34624,2905
1664,2443126,5
1665,808900,87
1666,126986,15
1667,66021,120
1668,33245,33
1669,3766350,4
1670,397092,203
1671,7988282,11
1672,549539,1
1673,553431,3
1674,44150,1008
1675,457426,95
1676,690928,13
1677,5404636,10
1678,1123,98
1679,8823185,10
1680,7103012,29
1681,7367945,18
1682,3192981,7
1683,876998,2
1684,24017,200
1685,8883096,7
1686,120128,1
1687,10502718,7
1688,131459,232
1689,33975,29
1690,7830016,69
1691,4194648,45
1692,163631,9
1693,2488315,50
1694,715503,7
1695,95405,19
1696,3914390,14
1697,2758,4
1698,1682699,35
1699,40010,215
1700,8715671,9
1701,1058138,13
1702,10946050,5
1703,17022,27
1704,1384424,16
1705,9807167,4
1706,397121,1
1707,82611,5
1708,8278585,14
1709,31353,79
1710,7007932,14
1711,9991062,2
1712,9367674,7
1713,6390,158
1714,4062917,15
1715,3344545,125
1716,4737855,18
1717,8069,11
1718,3623892,12
1719,80800,161
1720,269155,12
1721,3386496,33
1722,1004094,1
1723,13926,1069
1724,56485,3
1725,4741401,20
1726,813036,16
1727,8359294,1
1728,735267,62
1729,7758329,117
1730,5047946,13
1731,10343184,61
1732,120408,93
1733,1504165,101
1734,4445815,3
1735,6617,55
1736,23,88
1737,4532299,5
1738,10116775,1
1739,9649346,15
1740,109046,251
1741,5026423,17
1742,92741,32
1743,4757665,13
1744,1344215,13
1745,3303803,1
1746,5055282,18
1747,6523816,28
1748,4752,179
1749,3061,82
1750,7252450,4
1751,3060,713
1752,922226,35
1753,128790,2
1754,5427465,80
1755,5055341,2
1756,6198436,3
1757,127055,48
1758,2632538,6
1759,125654,1
1760,17127,157
1761,6886,104
1762,7579503,10
1763,6764733,33
1764,3773531,2
1765,1587961,1
1766,234503,4
1767,92448,196
1768,3362095,7
1769,36066,33
1770,3291457,4
1771,91653,4
1772,29114,7
1773,16762,24
1774,596970,1
1775,89844,3
1776,8894769,6
1777,4801646,141
1778,46422,110
1779,25059,91
1780,4184135,40
1781,872989,19
1782,4329819,2
1783,5055313,10
1784,7270118,20
1785,165552,2
1786,865146,41
1787,72844,65
1788,129911,74
1789,460235,42
1790,1578986,128
1791,1110699,85
1792,1578970,149
1793,8771855,36
1794,548776,1
1795,6487754,1
1796,5010305,25
1797,1271870,167
1798,7465985,4
1799,4329814,57
1800,7389354,14
1801,2758166,21
1802,3402275,16
1803,173254,9
1804,42637,29
1805,6393963,46
1806,648090,1
1807,27135,32
1808,4315226,15
1809,120236,165
1810,2488329,11
1811,2617526,85
1812,9804617,6
1813,4988126,5
1814,10530902,7
1815,3971,224
1816,3501247,83
1817,538265,31
1818,5224135,125
1819,547344,2403
1820,3483845,17
1821,100989,20
1822,572891,4
1823,4409397,3
1824,111701,95
1825,120161,904
1826,258774,24
1827,57044,91
1828,7018,53
1829,10636713,5
1830,60986,18
1831,3469008,5
1832,191277,1
1833,10008634,2
1834,9967283,69
1835,1530858,5
1836,117134,94
1837,397217,115
1838,25297,39
1839,1395484,4
1840,125327,31
1841,81297,14
1842,282718,380
1843,898749,45
1844,201607,23
1845,307477,6
1846,6764776,3
1847,5853356,11
1848,19441,4
1849,10504362,47
1850,2821953,43
1851,4512404,11
1852,54665,153
1853,7988978,4
1854,10233420,2
1855,3402274,2
1856,80795,55
1857,1657,1
1858,722652,9
1859,9438122,3
1860,6928910,1
1861,3451,644
1862,4828907,24
1863,8823190,31
1864,2049368,266
1865,7598804,13
1866,3947991,274
1867,5063915,9
1868,6896040,50
1869,271116,52
1870,742527,93
1871,9087671,9
1872,7018069,1
1873,6531,476
1874,6540409,2
1875,294251,113
1876,397028,16
1877,5934392,5
1878,1527338,27
1879,549401,250
1880,4863662,56
1881,8296105,22
1882,3616321,111
1883,532466,27
1884,80743,15
1885,1699018,22
1886,6643367,1
1887,4580646,63
1888,10073797,10
1889,1578992,3
1890,3468976,164
1891,121159,3
1892,10532202,10
1893,48780,10
1894,314303,27
1895,5980066,60
1896,121213,119
1897,95350,3
1898,135361,148
1899,154797,108
1900,826228,2
1901,10143755,89
1902,5579193,20
1903,7369117,1
1904,5048213,17
1905,7252006,3
1906,1874988,1
1907,7096285,7
1908,6251862,5
1909,3468819,1
1910,108830,15
1911,397029,3
1912,115153,63
1913,7464668,12
1914,2180,169
1915,8245809,2
1916,18428,88
1917,2782761,52
1918,5148633,54
1919,630394,97
1920,156926,6
1921,5862564,40
1922,697167,15
1923,131861,8
1924,4117,540
1925,9054569,4
1926,731219,162
1927,1248729,21
1928,4691475,12
1929,12429,2
1930,10515638,1
1931,10184485,4
1932,4660773,42
1933,9160187,4
1934,3315299,6
1935,342163,3
1936,184246,28
1937,3960612,2
1938,786205,31
1939,96069,54
1940,153311,3
1941,5055380,14
1942,3721719,52
1943,5862148,2
1944,5337112,24
1945,4691474,138
1946,194412,53
1947,90211,33
1948,1625931,17
1949,5220386,76
1950,2821961,1
1951,5502,1394
1952,12435,38
1953,225637,68
1954,7727965,4
1955,10442,52
1956,13198,1
1957,8185483,5
1958,65909,17
1959,1506710,57
1960,560545,27
1961,15543,339
1962,580750,4
1963,10154818,9
1964,2189032,48
1965,297428,9
1966,41475,1
1967,285752,11
1968,6261417,396
1969,6928421,8
1970,6686967,138
1971,705812,23
1972,10509956,8
1973,2682727,24
1974,6965588,13
1975,44894,77
1976,6687095,3
1977,7094664,13
1978,8716538,14
1979,117030,347
1980,6215996,1
1981,5853353,89
1982,227990,55
1983,97,110
1984,15097,1
1985,31431,125
1986,8278823,10
1987,80278,1
1988,22091,34
1989,2770917,15
1990,11131,150
1991,4599016,7
1992,73050,27
1993,176732,121
1994,4242024,62
1995,2682717,5
1996,42258,110
1997,594335,1
1998,1103034,20
1999,842573,279
2000,1328808,1
2001,8511524,39
2002,3496844,6
2003,403947,20
2004,7166673,10
2005,6765601,29
2006,1331890,48
2007,128324,10
2008,206902,9
2009,32181,1
2010,27651,6
2011,5195252,80
2012,155716,1
2013,5591377,13
2014,8982876,1
2015,6005617,36
2016,39686,17
2017,105041,251
2018,5630284,14
2019,8883077,17
2020,8014774,2
2021,7308678,1
2022,77509,13
2023,7017100,11
2024,327811,5
2025,2708808,1
2026,6035967,15
2027,10335639,11
2028,12646,152
2029,1654448,45
2030,10502822,10
2031,2277575,2
2032,720400,7
2033,42445,171
2034,640442,82
2035,5855342,1
2036,3045216,195
2037,6198385,10
2038,69400,4
2039,2987662,25
2040,1054435,1
2041,349306,11
2042,9463,422
2043,763988,7
2044,91008,4
2045,5404743,121
2046,39691,807
2047,146173,33
2048,72728,8
2049,1281355,148
2050,5048215,37
2051,10190414,6
2052,6724680,9
2053,49539,1
2054,3834,346
2055,2302343,27
2056,916708,7
2057,8170859,1
2058,42351,129
2059,29242,6
2060,4955128,5
2061,54730,1
2062,192463,3
2063,10056681,3
2064,61090,53
2065,29852,386
2066,4513869,113
2067,434583,15
2068,7270106,31
2069,1471019,4
2070,3664319,87
2071,8519,240
2072,3680237,6
2073,796019,42
2074,29246,174
2075,4988113,81
2076,1698246,7
2077,220479,11
2078,6322836,3
2079,895612,4
2080,1336938,23
2081,18286,902
2082,6036016,19
2083,3802680,70
2084,6700386,119
2085,4942518,9
2086,118451,16
2087,10183517,10
2088,101761,12
2089,781259,2
2090,2175041,96
2091,3689541,5
2092,6701405,11
2093,3396,37
2094,988351,137
2095,763317,323
2096,65309,7
2097,177998,349
2098,569795,5
2099,6484914,59
2100,3062,143
2101,23606,36
2102,18517,43
2103,6394147,22
2104,208460,263
2105,511617,83
2106,3846447,14
2107,451507,165
2108,32689,171
2109,761854,4
2110,3854635,14
2111,7113598,42
2112,5517434,10
2113,6005599,1
2114,4051509,296
2115,2422058,40
2116,965327,5
2117,458617,3
2118,5356415,1
2119,595400,14
2120,717119,5
2121,1011976,192
2122,73041,107
2123,129178,317
2124,212432,8
2125,217592,21
2126,10532131,19
2127,558971,5
2128,548808,2
2129,7224331,4
2130,5221149,23
2131,534369,1
2132,10533,1602
2133,1914688,12
2134,82315,113
2135,4712663,11
2136,5933531,21
2137,10602,54
2138,2654974,1
2139,92650,8
2140,145807,109
2141,7224126,1
2142,1670264,7
2143,1396837,11
2144,164,15
2145,6964301,6
2146,373712,5
2147,2223751,3
2148,4001,94
2149,96856,216
2150,698227,38
2151,6764696,38
2152,10768029,96
2153,3820494,177
2154,6803,975
2155,1002193,160
2156,6394058,3
2157,5934304,53
2158,539536,31
2159,10557370,8
2160,1562091,6
2161,988469,1
2162,235168,223
2163,340439,231
2164,527568,12
2165,4191,62
2166,6920282,15
2167,17466,262
2168,4712505,16
2169,23875,9
2170,2331371,41
2171,333761,152
2172,10765,66
2173,8750,231
2174,4672194,25
2175,552749,16
2176,3525409,132
2177,6112140,15
2178,4580755,7
2179,3384847,42
2180,210126,15
2181,4801,21
2182,559745,2
2183,4209847,18
2184,5833323,189
2185,539957,4
2186,6460306,3
2187,6765466,62
2188,6407081,11
2189,7094654,57
2190,537473,1
2191,786218,7
2192,6796747,8
2193,65368,64
2194,671436,36
2195,95211,19
2196,6904134,25
2197,1234855,4
2198,4271102,2
2199,5471504,42
2200,421766,16
2201,6394,13
2202,58166,120
2203,1066498,92
2204,576486,270
2205,5968549,2
2206,6487746,3
2207,10035031,7
2208,5256047,29
2209,5047953,22
2210,10840122,3
2211,6487946,2
2212,1259945,122
2213,901819,1
2214,17886,130
2215,174820,137
2216,7618,111
2217,120259,141
2218,85146,470
2219,277216,32
2220,3137559,19
2221,8952258,6
2222,2638692,75
2223,5514898,20
2224,1078181,15
2225,5091113,1
2226,12963,44
2227,4666,91
2228,2319091,1
2229,7516984,14
2230,5123098,30
2231,3914426,50
2232,10116776,17
2233,7018102,36
2234,306838,62
2235,2654979,43
2236,221111,1
2237,180510,107
2238,1248737,81
2239,200497,1
2240,3344622,216
2241,472718,322
2242,107993,85
2243,166170,282
2244,6908,35
2245,933221,1
2246,3539549,5
2247,132365,12
2248,426629,5
2249,1358858,74
2250,522873,5
2251,9879178,26
2252,55006,330
2253,285396,2
2254,82418,12
2255,6769704,17
2256,1048345,40
2257,3355,19
2258,215501,24
2259,7553889,43
2260,7093068,15
2261,5833751,18
2262,4741301,207
2263,9198104,72
2264,10234324,3
2265,3217350,6
2266,4829152,7
2267,807277,42
2268,991324,77
